text,label
"
Data Science is a significant domain in modern technology and academic research.
It involves systematic approaches, structured methodologies, and analytical thinking to solve complex real-world problems.
In academic contexts, Data Science emphasizes theoretical foundations along with practical implementation strategies.
The discipline integrates interdisciplinary knowledge, ensuring that decision-making processes are data-driven and logically sound.
Overall, Data Science contributes to innovation, efficiency, and sustainable technological development across industries.
",1
"
Machine Learning is a significant domain in modern technology and academic research.
It involves systematic approaches, structured methodologies, and analytical thinking to solve complex real-world problems.
In academic contexts, Machine Learning emphasizes theoretical foundations along with practical implementation strategies.
The discipline integrates interdisciplinary knowledge, ensuring that decision-making processes are data-driven and logically sound.
Overall, Machine Learning contributes to innovation, efficiency, and sustainable technological development across industries.
",1
"
Artificial Intelligence is a significant domain in modern technology and academic research.
It involves systematic approaches, structured methodologies, and analytical thinking to solve complex real-world problems.
In academic contexts, Artificial Intelligence emphasizes theoretical foundations along with practical implementation strategies.
The discipline integrates interdisciplinary knowledge, ensuring that decision-making processes are data-driven and logically sound.
Overall, Artificial Intelligence contributes to innovation, efficiency, and sustainable technological development across industries.
",1
"
Deep Learning is a significant domain in modern technology and academic research.
It involves systematic approaches, structured methodologies, and analytical thinking to solve complex real-world problems.
In academic contexts, Deep Learning emphasizes theoretical foundations along with practical implementation strategies.
The discipline integrates interdisciplinary knowledge, ensuring that decision-making processes are data-driven and logically sound.
Overall, Deep Learning contributes to innovation, efficiency, and sustainable technological development across industries.
",1
"
Research Methodology is a significant domain in modern technology and academic research.
It involves systematic approaches, structured methodologies, and analytical thinking to solve complex real-world problems.
In academic contexts, Research Methodology emphasizes theoretical foundations along with practical implementation strategies.
The discipline integrates interdisciplinary knowledge, ensuring that decision-making processes are data-driven and logically sound.
Overall, Research Methodology contributes to innovation, efficiency, and sustainable technological development across industries.
",1
"
Intellectual Property Rights is a significant domain in modern technology and academic research.
It involves systematic approaches, structured methodologies, and analytical thinking to solve complex real-world problems.
In academic contexts, Intellectual Property Rights emphasizes theoretical foundations along with practical implementation strategies.
The discipline integrates interdisciplinary knowledge, ensuring that decision-making processes are data-driven and logically sound.
Overall, Intellectual Property Rights contributes to innovation, efficiency, and sustainable technological development across industries.
",1
"
Organizational Behavior is a significant domain in modern technology and academic research.
It involves systematic approaches, structured methodologies, and analytical thinking to solve complex real-world problems.
In academic contexts, Organizational Behavior emphasizes theoretical foundations along with practical implementation strategies.
The discipline integrates interdisciplinary knowledge, ensuring that decision-making processes are data-driven and logically sound.
Overall, Organizational Behavior contributes to innovation, efficiency, and sustainable technological development across industries.
",1
"
Cybersecurity is a significant domain in modern technology and academic research.
It involves systematic approaches, structured methodologies, and analytical thinking to solve complex real-world problems.
In academic contexts, Cybersecurity emphasizes theoretical foundations along with practical implementation strategies.
The discipline integrates interdisciplinary knowledge, ensuring that decision-making processes are data-driven and logically sound.
Overall, Cybersecurity contributes to innovation, efficiency, and sustainable technological development across industries.
",1
"
Software Engineering is a significant domain in modern technology and academic research.
It involves systematic approaches, structured methodologies, and analytical thinking to solve complex real-world problems.
In academic contexts, Software Engineering emphasizes theoretical foundations along with practical implementation strategies.
The discipline integrates interdisciplinary knowledge, ensuring that decision-making processes are data-driven and logically sound.
Overall, Software Engineering contributes to innovation, efficiency, and sustainable technological development across industries.
",1
"
Cloud Computing is a significant domain in modern technology and academic research.
It involves systematic approaches, structured methodologies, and analytical thinking to solve complex real-world problems.
In academic contexts, Cloud Computing emphasizes theoretical foundations along with practical implementation strategies.
The discipline integrates interdisciplinary knowledge, ensuring that decision-making processes are data-driven and logically sound.
Overall, Cloud Computing contributes to innovation, efficiency, and sustainable technological development across industries.
",1
"
Data Science is a significant domain in modern technology and academic research.
It involves systematic approaches, structured methodologies, and analytical thinking to solve complex real-world problems.
In academic contexts, Data Science emphasizes theoretical foundations along with practical implementation strategies.
The discipline integrates interdisciplinary knowledge, ensuring that decision-making processes are data-driven and logically sound.
Overall, Data Science contributes to innovation, efficiency, and sustainable technological development across industries.
",1
"
Machine Learning is a significant domain in modern technology and academic research.
It involves systematic approaches, structured methodologies, and analytical thinking to solve complex real-world problems.
In academic contexts, Machine Learning emphasizes theoretical foundations along with practical implementation strategies.
The discipline integrates interdisciplinary knowledge, ensuring that decision-making processes are data-driven and logically sound.
Overall, Machine Learning contributes to innovation, efficiency, and sustainable technological development across industries.
",1
"
Artificial Intelligence is a significant domain in modern technology and academic research.
It involves systematic approaches, structured methodologies, and analytical thinking to solve complex real-world problems.
In academic contexts, Artificial Intelligence emphasizes theoretical foundations along with practical implementation strategies.
The discipline integrates interdisciplinary knowledge, ensuring that decision-making processes are data-driven and logically sound.
Overall, Artificial Intelligence contributes to innovation, efficiency, and sustainable technological development across industries.
",1
"
Deep Learning is a significant domain in modern technology and academic research.
It involves systematic approaches, structured methodologies, and analytical thinking to solve complex real-world problems.
In academic contexts, Deep Learning emphasizes theoretical foundations along with practical implementation strategies.
The discipline integrates interdisciplinary knowledge, ensuring that decision-making processes are data-driven and logically sound.
Overall, Deep Learning contributes to innovation, efficiency, and sustainable technological development across industries.
",1
"
Research Methodology is a significant domain in modern technology and academic research.
It involves systematic approaches, structured methodologies, and analytical thinking to solve complex real-world problems.
In academic contexts, Research Methodology emphasizes theoretical foundations along with practical implementation strategies.
The discipline integrates interdisciplinary knowledge, ensuring that decision-making processes are data-driven and logically sound.
Overall, Research Methodology contributes to innovation, efficiency, and sustainable technological development across industries.
",1
"
Intellectual Property Rights is a significant domain in modern technology and academic research.
It involves systematic approaches, structured methodologies, and analytical thinking to solve complex real-world problems.
In academic contexts, Intellectual Property Rights emphasizes theoretical foundations along with practical implementation strategies.
The discipline integrates interdisciplinary knowledge, ensuring that decision-making processes are data-driven and logically sound.
Overall, Intellectual Property Rights contributes to innovation, efficiency, and sustainable technological development across industries.
",1
"
Organizational Behavior is a significant domain in modern technology and academic research.
It involves systematic approaches, structured methodologies, and analytical thinking to solve complex real-world problems.
In academic contexts, Organizational Behavior emphasizes theoretical foundations along with practical implementation strategies.
The discipline integrates interdisciplinary knowledge, ensuring that decision-making processes are data-driven and logically sound.
Overall, Organizational Behavior contributes to innovation, efficiency, and sustainable technological development across industries.
",1
"
Cybersecurity is a significant domain in modern technology and academic research.
It involves systematic approaches, structured methodologies, and analytical thinking to solve complex real-world problems.
In academic contexts, Cybersecurity emphasizes theoretical foundations along with practical implementation strategies.
The discipline integrates interdisciplinary knowledge, ensuring that decision-making processes are data-driven and logically sound.
Overall, Cybersecurity contributes to innovation, efficiency, and sustainable technological development across industries.
",1
"
Software Engineering is a significant domain in modern technology and academic research.
It involves systematic approaches, structured methodologies, and analytical thinking to solve complex real-world problems.
In academic contexts, Software Engineering emphasizes theoretical foundations along with practical implementation strategies.
The discipline integrates interdisciplinary knowledge, ensuring that decision-making processes are data-driven and logically sound.
Overall, Software Engineering contributes to innovation, efficiency, and sustainable technological development across industries.
",1
"
Cloud Computing is a significant domain in modern technology and academic research.
It involves systematic approaches, structured methodologies, and analytical thinking to solve complex real-world problems.
In academic contexts, Cloud Computing emphasizes theoretical foundations along with practical implementation strategies.
The discipline integrates interdisciplinary knowledge, ensuring that decision-making processes are data-driven and logically sound.
Overall, Cloud Computing contributes to innovation, efficiency, and sustainable technological development across industries.
",1
"
Data Science is a significant domain in modern technology and academic research.
It involves systematic approaches, structured methodologies, and analytical thinking to solve complex real-world problems.
In academic contexts, Data Science emphasizes theoretical foundations along with practical implementation strategies.
The discipline integrates interdisciplinary knowledge, ensuring that decision-making processes are data-driven and logically sound.
Overall, Data Science contributes to innovation, efficiency, and sustainable technological development across industries.
",1
"
Machine Learning is a significant domain in modern technology and academic research.
It involves systematic approaches, structured methodologies, and analytical thinking to solve complex real-world problems.
In academic contexts, Machine Learning emphasizes theoretical foundations along with practical implementation strategies.
The discipline integrates interdisciplinary knowledge, ensuring that decision-making processes are data-driven and logically sound.
Overall, Machine Learning contributes to innovation, efficiency, and sustainable technological development across industries.
",1
"
Artificial Intelligence is a significant domain in modern technology and academic research.
It involves systematic approaches, structured methodologies, and analytical thinking to solve complex real-world problems.
In academic contexts, Artificial Intelligence emphasizes theoretical foundations along with practical implementation strategies.
The discipline integrates interdisciplinary knowledge, ensuring that decision-making processes are data-driven and logically sound.
Overall, Artificial Intelligence contributes to innovation, efficiency, and sustainable technological development across industries.
",1
"
Deep Learning is a significant domain in modern technology and academic research.
It involves systematic approaches, structured methodologies, and analytical thinking to solve complex real-world problems.
In academic contexts, Deep Learning emphasizes theoretical foundations along with practical implementation strategies.
The discipline integrates interdisciplinary knowledge, ensuring that decision-making processes are data-driven and logically sound.
Overall, Deep Learning contributes to innovation, efficiency, and sustainable technological development across industries.
",1
"
Research Methodology is a significant domain in modern technology and academic research.
It involves systematic approaches, structured methodologies, and analytical thinking to solve complex real-world problems.
In academic contexts, Research Methodology emphasizes theoretical foundations along with practical implementation strategies.
The discipline integrates interdisciplinary knowledge, ensuring that decision-making processes are data-driven and logically sound.
Overall, Research Methodology contributes to innovation, efficiency, and sustainable technological development across industries.
",1
"
Intellectual Property Rights is a significant domain in modern technology and academic research.
It involves systematic approaches, structured methodologies, and analytical thinking to solve complex real-world problems.
In academic contexts, Intellectual Property Rights emphasizes theoretical foundations along with practical implementation strategies.
The discipline integrates interdisciplinary knowledge, ensuring that decision-making processes are data-driven and logically sound.
Overall, Intellectual Property Rights contributes to innovation, efficiency, and sustainable technological development across industries.
",1
"
Organizational Behavior is a significant domain in modern technology and academic research.
It involves systematic approaches, structured methodologies, and analytical thinking to solve complex real-world problems.
In academic contexts, Organizational Behavior emphasizes theoretical foundations along with practical implementation strategies.
The discipline integrates interdisciplinary knowledge, ensuring that decision-making processes are data-driven and logically sound.
Overall, Organizational Behavior contributes to innovation, efficiency, and sustainable technological development across industries.
",1
"
Cybersecurity is a significant domain in modern technology and academic research.
It involves systematic approaches, structured methodologies, and analytical thinking to solve complex real-world problems.
In academic contexts, Cybersecurity emphasizes theoretical foundations along with practical implementation strategies.
The discipline integrates interdisciplinary knowledge, ensuring that decision-making processes are data-driven and logically sound.
Overall, Cybersecurity contributes to innovation, efficiency, and sustainable technological development across industries.
",1
"
Software Engineering is a significant domain in modern technology and academic research.
It involves systematic approaches, structured methodologies, and analytical thinking to solve complex real-world problems.
In academic contexts, Software Engineering emphasizes theoretical foundations along with practical implementation strategies.
The discipline integrates interdisciplinary knowledge, ensuring that decision-making processes are data-driven and logically sound.
Overall, Software Engineering contributes to innovation, efficiency, and sustainable technological development across industries.
",1
"
Cloud Computing is a significant domain in modern technology and academic research.
It involves systematic approaches, structured methodologies, and analytical thinking to solve complex real-world problems.
In academic contexts, Cloud Computing emphasizes theoretical foundations along with practical implementation strategies.
The discipline integrates interdisciplinary knowledge, ensuring that decision-making processes are data-driven and logically sound.
Overall, Cloud Computing contributes to innovation, efficiency, and sustainable technological development across industries.
",1
"
Data Science is a significant domain in modern technology and academic research.
It involves systematic approaches, structured methodologies, and analytical thinking to solve complex real-world problems.
In academic contexts, Data Science emphasizes theoretical foundations along with practical implementation strategies.
The discipline integrates interdisciplinary knowledge, ensuring that decision-making processes are data-driven and logically sound.
Overall, Data Science contributes to innovation, efficiency, and sustainable technological development across industries.
",1
"
Machine Learning is a significant domain in modern technology and academic research.
It involves systematic approaches, structured methodologies, and analytical thinking to solve complex real-world problems.
In academic contexts, Machine Learning emphasizes theoretical foundations along with practical implementation strategies.
The discipline integrates interdisciplinary knowledge, ensuring that decision-making processes are data-driven and logically sound.
Overall, Machine Learning contributes to innovation, efficiency, and sustainable technological development across industries.
",1
"
Artificial Intelligence is a significant domain in modern technology and academic research.
It involves systematic approaches, structured methodologies, and analytical thinking to solve complex real-world problems.
In academic contexts, Artificial Intelligence emphasizes theoretical foundations along with practical implementation strategies.
The discipline integrates interdisciplinary knowledge, ensuring that decision-making processes are data-driven and logically sound.
Overall, Artificial Intelligence contributes to innovation, efficiency, and sustainable technological development across industries.
",1
"
Deep Learning is a significant domain in modern technology and academic research.
It involves systematic approaches, structured methodologies, and analytical thinking to solve complex real-world problems.
In academic contexts, Deep Learning emphasizes theoretical foundations along with practical implementation strategies.
The discipline integrates interdisciplinary knowledge, ensuring that decision-making processes are data-driven and logically sound.
Overall, Deep Learning contributes to innovation, efficiency, and sustainable technological development across industries.
",1
"
Research Methodology is a significant domain in modern technology and academic research.
It involves systematic approaches, structured methodologies, and analytical thinking to solve complex real-world problems.
In academic contexts, Research Methodology emphasizes theoretical foundations along with practical implementation strategies.
The discipline integrates interdisciplinary knowledge, ensuring that decision-making processes are data-driven and logically sound.
Overall, Research Methodology contributes to innovation, efficiency, and sustainable technological development across industries.
",1
"
Intellectual Property Rights is a significant domain in modern technology and academic research.
It involves systematic approaches, structured methodologies, and analytical thinking to solve complex real-world problems.
In academic contexts, Intellectual Property Rights emphasizes theoretical foundations along with practical implementation strategies.
The discipline integrates interdisciplinary knowledge, ensuring that decision-making processes are data-driven and logically sound.
Overall, Intellectual Property Rights contributes to innovation, efficiency, and sustainable technological development across industries.
",1
"
Organizational Behavior is a significant domain in modern technology and academic research.
It involves systematic approaches, structured methodologies, and analytical thinking to solve complex real-world problems.
In academic contexts, Organizational Behavior emphasizes theoretical foundations along with practical implementation strategies.
The discipline integrates interdisciplinary knowledge, ensuring that decision-making processes are data-driven and logically sound.
Overall, Organizational Behavior contributes to innovation, efficiency, and sustainable technological development across industries.
",1
"
Cybersecurity is a significant domain in modern technology and academic research.
It involves systematic approaches, structured methodologies, and analytical thinking to solve complex real-world problems.
In academic contexts, Cybersecurity emphasizes theoretical foundations along with practical implementation strategies.
The discipline integrates interdisciplinary knowledge, ensuring that decision-making processes are data-driven and logically sound.
Overall, Cybersecurity contributes to innovation, efficiency, and sustainable technological development across industries.
",1
"
Software Engineering is a significant domain in modern technology and academic research.
It involves systematic approaches, structured methodologies, and analytical thinking to solve complex real-world problems.
In academic contexts, Software Engineering emphasizes theoretical foundations along with practical implementation strategies.
The discipline integrates interdisciplinary knowledge, ensuring that decision-making processes are data-driven and logically sound.
Overall, Software Engineering contributes to innovation, efficiency, and sustainable technological development across industries.
",1
"
Cloud Computing is a significant domain in modern technology and academic research.
It involves systematic approaches, structured methodologies, and analytical thinking to solve complex real-world problems.
In academic contexts, Cloud Computing emphasizes theoretical foundations along with practical implementation strategies.
The discipline integrates interdisciplinary knowledge, ensuring that decision-making processes are data-driven and logically sound.
Overall, Cloud Computing contributes to innovation, efficiency, and sustainable technological development across industries.
",1
"
Data Science is a significant domain in modern technology and academic research.
It involves systematic approaches, structured methodologies, and analytical thinking to solve complex real-world problems.
In academic contexts, Data Science emphasizes theoretical foundations along with practical implementation strategies.
The discipline integrates interdisciplinary knowledge, ensuring that decision-making processes are data-driven and logically sound.
Overall, Data Science contributes to innovation, efficiency, and sustainable technological development across industries.
",1
"
Machine Learning is a significant domain in modern technology and academic research.
It involves systematic approaches, structured methodologies, and analytical thinking to solve complex real-world problems.
In academic contexts, Machine Learning emphasizes theoretical foundations along with practical implementation strategies.
The discipline integrates interdisciplinary knowledge, ensuring that decision-making processes are data-driven and logically sound.
Overall, Machine Learning contributes to innovation, efficiency, and sustainable technological development across industries.
",1
"
Artificial Intelligence is a significant domain in modern technology and academic research.
It involves systematic approaches, structured methodologies, and analytical thinking to solve complex real-world problems.
In academic contexts, Artificial Intelligence emphasizes theoretical foundations along with practical implementation strategies.
The discipline integrates interdisciplinary knowledge, ensuring that decision-making processes are data-driven and logically sound.
Overall, Artificial Intelligence contributes to innovation, efficiency, and sustainable technological development across industries.
",1
"
Deep Learning is a significant domain in modern technology and academic research.
It involves systematic approaches, structured methodologies, and analytical thinking to solve complex real-world problems.
In academic contexts, Deep Learning emphasizes theoretical foundations along with practical implementation strategies.
The discipline integrates interdisciplinary knowledge, ensuring that decision-making processes are data-driven and logically sound.
Overall, Deep Learning contributes to innovation, efficiency, and sustainable technological development across industries.
",1
"
Research Methodology is a significant domain in modern technology and academic research.
It involves systematic approaches, structured methodologies, and analytical thinking to solve complex real-world problems.
In academic contexts, Research Methodology emphasizes theoretical foundations along with practical implementation strategies.
The discipline integrates interdisciplinary knowledge, ensuring that decision-making processes are data-driven and logically sound.
Overall, Research Methodology contributes to innovation, efficiency, and sustainable technological development across industries.
",1
"
Intellectual Property Rights is a significant domain in modern technology and academic research.
It involves systematic approaches, structured methodologies, and analytical thinking to solve complex real-world problems.
In academic contexts, Intellectual Property Rights emphasizes theoretical foundations along with practical implementation strategies.
The discipline integrates interdisciplinary knowledge, ensuring that decision-making processes are data-driven and logically sound.
Overall, Intellectual Property Rights contributes to innovation, efficiency, and sustainable technological development across industries.
",1
"
Organizational Behavior is a significant domain in modern technology and academic research.
It involves systematic approaches, structured methodologies, and analytical thinking to solve complex real-world problems.
In academic contexts, Organizational Behavior emphasizes theoretical foundations along with practical implementation strategies.
The discipline integrates interdisciplinary knowledge, ensuring that decision-making processes are data-driven and logically sound.
Overall, Organizational Behavior contributes to innovation, efficiency, and sustainable technological development across industries.
",1
"
Cybersecurity is a significant domain in modern technology and academic research.
It involves systematic approaches, structured methodologies, and analytical thinking to solve complex real-world problems.
In academic contexts, Cybersecurity emphasizes theoretical foundations along with practical implementation strategies.
The discipline integrates interdisciplinary knowledge, ensuring that decision-making processes are data-driven and logically sound.
Overall, Cybersecurity contributes to innovation, efficiency, and sustainable technological development across industries.
",1
"
Software Engineering is a significant domain in modern technology and academic research.
It involves systematic approaches, structured methodologies, and analytical thinking to solve complex real-world problems.
In academic contexts, Software Engineering emphasizes theoretical foundations along with practical implementation strategies.
The discipline integrates interdisciplinary knowledge, ensuring that decision-making processes are data-driven and logically sound.
Overall, Software Engineering contributes to innovation, efficiency, and sustainable technological development across industries.
",1
"
Cloud Computing is a significant domain in modern technology and academic research.
It involves systematic approaches, structured methodologies, and analytical thinking to solve complex real-world problems.
In academic contexts, Cloud Computing emphasizes theoretical foundations along with practical implementation strategies.
The discipline integrates interdisciplinary knowledge, ensuring that decision-making processes are data-driven and logically sound.
Overall, Cloud Computing contributes to innovation, efficiency, and sustainable technological development across industries.
",1
